序号,一级类目名称,二级类目名称,三级类目名称,四级类目名称,类目等级,报价备注,其他备注
1,食品,饮料,有汽饮品,碳酸饮料,S,,
2,食品,饮料,有汽饮品,气泡水,B,,
3,食品,饮料,有汽饮品,苏打水,B,,
4,食品,饮料,有汽饮品,发酵气泡茶,C,,
5,食品,饮料,有汽饮品,其他有汽饮品,,,
6,食品,饮料,即饮果汁,100%纯果汁(FC/NFC),A,,
7,食品,饮料,即饮果汁,果汁/水果/果味饮料,S,,
8,食品,饮料,即饮果蔬汁,即饮果蔬汁,B,,
9,食品,饮料,茶饮料,即饮茶,S,,
10,食品,饮料,茶饮料,即饮奶茶,A,,
11,食品,饮料,茶饮料,其他茶饮料,,,
12,食品,饮料,包装水,纯净水,S,S - 三级类目报价,
13,食品,饮料,包装水,蒸馏水,S,S - 三级类目报价,
14,食品,饮料,包装水,矿泉水,S,S - 三级类目报价,
15,食品,饮料,包装水,天然水,S,S - 三级类目报价,
16,食品,饮料,包装水,矿物质水,S,S - 三级类目报价,
17,食品,饮料,包装水,其他包装水,S,S - 三级类目报价,
18,食品,饮料,即饮咖啡,即饮咖啡,B,,
19,食品,饮料,功能饮料,能量饮料,S,,
20,食品,饮料,功能饮料,运动饮料,A,,
21,食品,饮料,功能饮料,营养素/维生素饮料,A,,
22,食品,饮料,功能饮料,其他功能饮料,,,
23,食品,饮料,含乳饮料,发酵型含乳饮料,S,,
24,食品,饮料,含乳饮料,配制型含乳饮料,S,,
25,食品,饮料,含乳饮料,其他含乳饮料,,,
26,食品,饮料,复合蛋白饮料,复合蛋白饮料,A,,
27,食品,饮料,植物蛋白饮料,豆奶,B,,
28,食品,饮料,植物蛋白饮料,核桃乳,A,,
29,食品,饮料,植物蛋白饮料,杏仁乳,B,,
30,食品,饮料,植物蛋白饮料,椰子乳,A,,
31,食品,饮料,植物蛋白饮料,花生乳,B,,
32,食品,饮料,植物蛋白饮料,燕麦乳,C,,
33,食品,饮料,植物蛋白饮料,复合型植物蛋白饮料,B,,
34,食品,饮料,植物蛋白饮料,其他植物蛋白饮料,,,
35,食品,饮料,蜂蜜饮料,蜂蜜饮料,C,,
36,食品,饮料,米露饮料,米露饮料,C,,
37,食品,饮料,亚洲传统饮料,植物饮料,S,,
38,食品,饮料,亚洲传统饮料,发酵甜饮,C,,
39,食品,饮料,亚洲传统饮料,其他亚洲传统饮料,,,
40,食品,饮料,醋饮料,醋饮料,B,,
41,食品,饮料,饮料组合装,饮料组合装,,,
42,食品,保健品,维生素,维生素,C,,
43,食品,保健品,钙,钙,C,,
44,食品,保健品,益生菌,益生菌,C,,
45,食品,保健品,蛋白粉,蛋白粉,C,,
46,食品,保健品,其他保健品,其他保健品,,,
47,食品,冲调品,冲泡咖啡,冲泡咖啡,C,,
48,食品,冲调品,即溶咖啡,即溶咖啡,B,,
49,食品,冲调品,袋泡茶,袋泡茶,A,,
50,食品,冲调品,冲泡茶,冲泡茶,C,,
51,食品,冲调品,冲泡凉茶,冲泡凉茶,C,,
52,食品,冲调品,冲泡奶茶,冲泡奶茶,A,,
53,食品,冲调品,冲饮谷物,麦片,A,,
54,食品,冲调品,冲饮谷物,谷物早餐,B,,
55,食品,冲调品,冲饮谷物,代餐粉,C,,
56,食品,冲调品,冲饮谷物,芝麻糊,B,,
57,食品,冲调品,冲饮谷物,混合五谷粉,C,,
58,食品,冲调品,冲饮谷物,藕粉,B,,
59,食品,冲调品,冲饮谷物,豆奶粉/豆浆粉,B,,
60,食品,冲调品,冲饮谷物,米糊,C,,
61,食品,冲调品,冲饮谷物,核桃粉,C,,
62,食品,冲调品,冲饮谷物,其他冲饮谷物,,,
63,食品,冲调品,麦乳精,麦乳精,C,,
64,食品,冲调品,浓缩/固体果汁,浓缩/固体果汁,C,,
65,食品,冲调品,冲饮果汁/粉,冲饮果汁,C,,
66,食品,冲调品,冲饮果汁/粉,椰子粉,C,,
67,食品,冲调品,冲饮果汁/粉,酸梅粉,C,,
68,食品,冲调品,冲饮果汁/粉,其他冲饮果汁/粉,,,
69,食品,冲调品,包装食用糖,包装食用糖,C,,
70,食品,冲调品,蜂蜜/蜂蜜制品,蜂蜜,C,,
71,食品,冲调品,蜂蜜/蜂蜜制品,蜂蜜制品,C,,
72,食品,冲调品,蜂蜜/蜂蜜制品,其他蜂蜜/蜂蜜制品,,,
73,食品,冲调品,其他冲调品,其他冲调品,,,
74,食品,婴儿食品,婴儿配方奶粉,婴幼儿配方奶粉,S,,
75,食品,婴儿食品,婴儿辅食,婴儿辅食,B,,
76,食品,婴儿食品,婴儿饮料,婴儿饮料,B,,
77,食品,婴儿食品,婴幼儿特殊医学用途配方粉,婴幼儿特殊医学用途配方粉,B,,
78,食品,休闲零食,饼干,饼干,S,,
79,食品,休闲零食,西式糕点,西式小蛋糕,A,,
80,食品,休闲零食,西式糕点,面包,S,,
81,食品,休闲零食,西式糕点,派/挞,C,,
82,食品,休闲零食,西式糕点,华夫饼,B,,
83,食品,休闲零食,西式糕点,泡芙,C,,
84,食品,休闲零食,西式糕点,布丁/慕斯类（含提拉米苏）,B,,
85,食品,休闲零食,西式糕点,甜甜圈,B,,
86,食品,休闲零食,西式糕点,其他西式糕点,,,
87,食品,休闲零食,糖果,软糖,A,,包含软的奶糖
88,食品,休闲零食,糖果,硬糖,A,,包含棒棒糖、压片糖
89,食品,休闲零食,糖果,酥糖,A,,
90,食品,休闲零食,糖果,充气糖果,A,,
91,食品,休闲零食,糖果,胶基糖果,A,,包含香口胶和泡泡糖
92,食品,休闲零食,糖果,其他糖果,,,
93,食品,休闲零食,巧克力,巧克力,S,,
94,食品,休闲零食,坚果炒货,瓜子,A,,
95,食品,休闲零食,坚果炒货,花生,B,,
96,食品,休闲零食,坚果炒货,核桃,B,,
97,食品,休闲零食,坚果炒货,开心果,C,,
98,食品,休闲零食,坚果炒货,腰果,C,,
99,食品,休闲零食,坚果炒货,杏仁,C,,
100,食品,休闲零食,坚果炒货,板栗,C,,
101,食品,休闲零食,坚果炒货,蚕豆/兰花豆,B,,
102,食品,休闲零食,坚果炒货,豌豆/青豆,B,,
103,食品,休闲零食,坚果炒货,混合坚果/每日坚果,B,,
104,食品,休闲零食,坚果炒货,其他坚果炒货,,,
105,食品,休闲零食,肉类制品小食,猪肉制品小食,A,,
106,食品,休闲零食,肉类制品小食,牛肉制品小食,A,,
107,食品,休闲零食,肉类制品小食,肉松,B,,
108,食品,休闲零食,肉类制品小食,鸡肉制品小食,A,,
109,食品,休闲零食,肉类制品小食,鸭肉制品小食,A,,
110,食品,休闲零食,肉类制品小食,其他肉类制品小食,,,
111,食品,休闲零食,膨化食品,薯片/薯条,S,,
112,食品,休闲零食,膨化食品,虾条/虾片,B,,
113,食品,休闲零食,膨化食品,雪饼/米饼,A,,
114,食品,休闲零食,膨化食品,锅巴,B,,
115,食品,休闲零食,膨化食品,小馒头,B,,
116,食品,休闲零食,膨化食品,爆米花,B,,
117,食品,休闲零食,膨化食品,烤馍片,C,,
118,食品,休闲零食,膨化食品,粟米膨化,B,,
119,食品,休闲零食,膨化食品,米通麦通米果卷,B,,
120,食品,休闲零食,膨化食品,其他膨化食品,,,
121,食品,休闲零食,豆制品零食,辣条,A,,
122,食品,休闲零食,豆制品零食,其他豆制品零食,,,
123,食品,休闲零食,魔芋即食食品,魔芋爽,B,,
124,食品,休闲零食,魔芋即食食品,其他魔芋即食食品,,,
125,食品,休闲零食,蜜饯果干,葡萄干,B,,
126,食品,休闲零食,蜜饯果干,芒果干,B,,
127,食品,休闲零食,蜜饯果干,山楂干,B,,
128,食品,休闲零食,蜜饯果干,梅子干,C,,
129,食品,休闲零食,蜜饯果干,红薯干,C,,
130,食品,休闲零食,蜜饯果干,香蕉干,C,,
131,食品,休闲零食,蜜饯果干,红枣干,B,,
132,食品,休闲零食,蜜饯果干,榴莲干,C,,
133,食品,休闲零食,蜜饯果干,奇异果/猕猴桃干,C,,
134,食品,休闲零食,蜜饯果干,复合果干,C,,
135,食品,休闲零食,蜜饯果干,其他蜜饯果干,,,
136,食品,休闲零食,胶冻品类,果冻,A,,
137,食品,休闲零食,胶冻品类,凉粉,B,,
138,食品,休闲零食,胶冻品类,龟苓膏,C,,
139,食品,休闲零食,胶冻品类,其他胶冻品类,,,
140,食品,休闲零食,中式糕点,月饼,B,,
141,食品,休闲零食,中式糕点,沙琪玛,B,,
142,食品,休闲零食,中式糕点,肉松饼,C,,
143,食品,休闲零食,中式糕点,麻花,B,,
144,食品,休闲零食,中式糕点,凤梨酥,C,,
145,食品,休闲零食,中式糕点,老婆饼,C,,
146,食品,休闲零食,中式糕点,蛋黄酥,C,,
147,食品,休闲零食,中式糕点,蛋卷,C,,
148,食品,休闲零食,中式糕点,其他中式糕点,,,
149,食品,休闲零食,海味零食,鱼类,B,,
150,食品,休闲零食,海味零食,虾类,C,,
151,食品,休闲零食,海味零食,海苔类,B,,
152,食品,休闲零食,海味零食,鱿鱼/章鱼/墨鱼类,B,,
153,食品,休闲零食,海味零食,蟹类,C,,
154,食品,休闲零食,海味零食,海藻类,C,,
155,食品,休闲零食,海味零食,混合海味类,C,,
156,食品,休闲零食,海味零食,其他海味零食,,,
157,食品,休闲零食,即食蔬菜零食,即食蔬菜零食,A,,
158,食品,休闲零食,卤蛋,卤蛋,C,,
159,食品,休闲零食,槟榔,槟榔,S,,
160,食品,休闲零食,休闲零食组合装/大礼包,休闲零食组合装/大礼包,,,
161,食品,食用油,纯植物油,大豆油,A,,
162,食品,食用油,纯植物油,菜籽油,A,,
163,食品,食用油,纯植物油,花生油,A,,
164,食品,食用油,纯植物油,玉米油,A,,
165,食品,食用油,纯植物油,葵花籽油,A,,
166,食品,食用油,纯植物油,山茶油,B,,
167,食品,食用油,纯植物油,橄榄油,B,,
168,食品,食用油,纯植物油,亚麻籽油,B,,
169,食品,食用油,纯植物油,棕榈油,B,,
170,食品,食用油,纯植物油,其他纯植物油,,,
171,食品,食用油,调和油,调和油,A,,
172,食品,调味品,基础酿造类调味品,酱油,S,,
173,食品,调味品,基础酿造类调味品,醋,A,,
174,食品,调味品,基础酿造类调味品,料酒,B,,
175,食品,调味品,基础酿造类调味品,豆豉,C,,
176,食品,调味品,基础酿造类调味品,醪糟,C,,
177,食品,调味品,基础酿造类调味品,其他基础酿造类调味品,,,
178,食品,调味品,基础单一调味品,盐,B,,
179,食品,调味品,基础单一调味品,食糖,B,,
180,食品,调味品,基础单一调味品,味精,B,,
181,食品,调味品,基础单一调味品,其他基础单一调味品,,,
182,食品,调味品,鲜萃/提取类调味品,鸡精,A,,
183,食品,调味品,鲜萃/提取类调味品,蚝油,A,,
184,食品,调味品,鲜萃/提取类调味品,鱼露,C,,
185,食品,调味品,鲜萃/提取类调味品,虾油,C,,
186,食品,调味品,鲜萃/提取类调味品,松茸鲜,A,,
187,食品,调味品,鲜萃/提取类调味品,其他鲜萃/提取类调味品,,,
188,食品,调味品,香辛料及香辛料制品,芝麻及芝麻香油,B,,
189,食品,调味品,香辛料及香辛料制品,花椒及花椒油,C,,
190,食品,调味品,香辛料及香辛料制品,胡椒及胡椒粉,C,,
191,食品,调味品,香辛料及香辛料制品,其他香辛料及香辛料制品,,,
192,食品,调味品,复合调味品,传统式复合调味品,A,,
193,食品,调味品,复合调味品,菜谱式复合调味品,A,,
194,食品,调味品,复合调味品,火锅底料,A,,
195,食品,调味品,复合调味品,蘸料,C,,
196,食品,调味品,复合调味品,浓汤宝,C,,
197,食品,调味品,复合调味品,复合调味汁,B,,
198,食品,调味品,复合调味品,其他复合调味品,,,
199,食品,调味品,酱腌菜,榨菜,B,,
200,食品,调味品,酱腌菜,泡菜/酸菜,C,,
201,食品,调味品,酱腌菜,萝卜,C,,
202,食品,调味品,酱腌菜,酱黄瓜,C,,
203,食品,调味品,酱腌菜,雪菜,C,,
204,食品,调味品,酱腌菜,笋类  ,C,,
205,食品,调味品,酱腌菜,什锦酱菜  ,C,,
206,食品,调味品,酱腌菜,豇豆,C,,
207,食品,调味品,酱腌菜,橄榄菜,C,,
208,食品,调味品,酱腌菜,海带丝,C,,
209,食品,调味品,酱腌菜,金针菇,C,,
210,食品,调味品,酱腌菜,其他酱腌菜,,,
211,食品,调味品,西式调味酱,沙拉酱,C,,
212,食品,调味品,西式调味酱,番茄酱,A,,
213,食品,调味品,西式调味酱,烧烤酱,C,,
214,食品,调味品,西式调味酱,果酱,C,,
215,食品,调味品,西式调味酱,奶油酱,C,,
216,食品,调味品,西式调味酱,咖喱,B,,
217,食品,调味品,西式调味酱,奶酪酱,C,,
218,食品,调味品,西式调味酱,肉酱,C,,
219,食品,调味品,西式调味酱,其他西式调味酱 ,,,
220,食品,调味品,中式调味酱,黄豆酱 ,A,,
221,食品,调味品,中式调味酱,豆瓣酱,A,,
222,食品,调味品,中式调味酱,辣椒酱,A,,
223,食品,调味品,中式调味酱,芝麻酱,C,,
224,食品,调味品,中式调味酱,花生酱,B,,
225,食品,调味品,中式调味酱,甜面酱,C,,
226,食品,调味品,中式调味酱,菌菇酱,C,,
227,食品,调味品,中式调味酱,腐乳/豆腐乳,C,,
228,食品,调味品,中式调味酱,沙茶酱  ,C,,
229,食品,调味品,中式调味酱,海鲜酱,C,,
230,食品,调味品,中式调味酱,牛肉酱,B,,
231,食品,调味品,中式调味酱,其他中式调味酱 ,,,
232,食品,调味品,调味助剂,淀粉,C,,
233,食品,调味品,调味助剂,食用小苏打,C,,
234,食品,调味品,调味助剂,其他调味助剂,,,
235,食品,方便速食,方便食品,方便面,S,,
236,食品,方便速食,方便食品,方便米饭,B,,
237,食品,方便速食,方便食品,方便米线,B,,
238,食品,方便速食,方便食品,速食粥,A,,
239,食品,方便速食,方便食品,速食汤羹,B,,
240,食品,方便速食,方便食品,螺蛳粉,B,,
241,食品,方便速食,方便食品,酸辣粉,B,,
242,食品,方便速食,方便食品,其他方便食品,,,
243,食品,方便速食,预制菜,预制菜,B,,
244,食品,方便速食,自热食品,自热火锅,C,,
245,食品,方便速食,自热食品,自热米饭,C,,
246,食品,方便速食,自热食品,其他自热食品,,,
247,食品,方便速食,罐头食品,水果罐头,A,,
248,食品,方便速食,罐头食品,肉罐头,B,,
249,食品,方便速食,罐头食品,海鲜罐头,B,,
250,食品,方便速食,罐头食品,汤类罐头,B,,
251,食品,方便速食,罐头食品,其他罐头食品,,,
252,食品,方便速食,速食肠,常温火腿肠,S,,
253,食品,方便速食,速食肠,午餐肉,B,,
254,食品,方便速食,速食肠,鱼糜肠,C,,
255,食品,方便速食,速食肠,植物蛋白肠,C,,
256,食品,方便速食,速食肠,其他速食肠,,,
257,食品,米面杂粮,米,米,A,,
258,食品,米面杂粮,面粉,面粉,A,,
259,食品,米面杂粮,糯米粉,糯米粉,B,,
260,食品,米面杂粮,中式粉面,米制粉类,B,,
261,食品,米面杂粮,中式粉面,小麦面类（干制）,S,,
262,食品,米面杂粮,中式粉面,小麦面类（非干制）,C,,
263,食品,米面杂粮,中式粉面,淀粉制粉条类,C,,
264,食品,米面杂粮,中式粉面,其他中式粉面,,,
265,食品,米面杂粮,西式粉面,意面,B,,
266,食品,米面杂粮,西式粉面,其他西式粉面,,,
267,食品,米面杂粮,烘焙原料,烘焙粉,C,,
268,食品,米面杂粮,烘焙原料,烘焙馅料,C,,
269,食品,米面杂粮,烘焙原料,其他烘焙原料,,,
270,食品,米面杂粮,杂粮,杂粮,B,,
271,食品,米面杂粮,杂粮,杂粮粉,C,,
272,食品,米面杂粮,干货,干货,B,,
273,食品,肉类水产,蛋,蛋,B,,
274,食品,肉类水产,熟食肉制品,熟食肉制品,B,,
275,食品,肉类水产,腊肠腊肉腊鱼,腊肠腊肉腊鱼,B,,
276,食品,酒,中国白酒,中国白酒,S,,
277,食品,酒,啤酒,啤酒,S,,
278,食品,酒,葡萄酒 ,葡萄酒 ,A,,
279,食品,酒,黄酒/米酒,黄酒/米酒,A,,
280,食品,酒,露酒,露酒,A,,
281,食品,酒,即饮预调酒,即饮预调酒,A,,
282,食品,酒,其他调制酒,其他调制酒,,,
283,食品,酒,果酒,果酒,B,,
284,食品,酒,蒸馏烈酒（非白酒类）,蒸馏烈酒（非白酒类）,B,,
285,食品,乳制品,纯奶,常温纯牛奶,S,,
286,食品,乳制品,纯奶,低温纯牛奶,A,,
287,食品,乳制品,纯奶,纯羊奶,B,,
288,食品,乳制品,纯奶,其他纯奶,B,,
289,食品,乳制品,酸奶,低温酸奶,S,,
290,食品,乳制品,酸奶,常温酸奶,S,,
291,食品,乳制品,奶酪,奶酪,A,,
292,食品,乳制品,冰品,雪糕/冰淇淋,S,,
293,食品,乳制品,冰品,棒冰,B,,
294,食品,乳制品,风味牛奶,风味牛奶,S,,
295,食品,乳制品,成人奶粉,中老年奶粉,A,,
296,食品,乳制品,成人奶粉,全家奶粉,B,,
297,食品,乳制品,成人奶粉,女士奶粉,C,,
298,食品,乳制品,成人奶粉,特殊医学配方奶粉,C,,
299,食品,乳制品,成人奶粉,其他成人奶粉,,,
300,食品,乳制品,学生奶粉,学生奶粉,B,,
301,食品,乳制品,羊奶粉,羊奶粉,B,,
302,食品,乳制品,黄油,黄油,C,,
303,食品,乳制品,炼奶,炼奶,C,,
304,食品,乳制品,奶油,奶油,C,,
305,食品,乳制品,奶片/奶条,奶片/奶条,C,,
306,食品,速冻食品,速冻面点与主食,速冻饺子,A,,
307,食品,速冻食品,速冻面点与主食,速冻汤圆,A,,
308,食品,速冻食品,速冻面点与主食,速冻包子,B,,
309,食品,速冻食品,速冻面点与主食,速冻馄饨/云吞,B,,
310,食品,速冻食品,速冻面点与主食,速冻粽子,B,,
311,食品,速冻食品,速冻面点与主食,速冻馒头,B,,
312,食品,速冻食品,速冻面点与主食,速冻花卷,B,,
313,食品,速冻食品,速冻面点与主食,速冻点心,B,,
314,食品,速冻食品,速冻面点与主食,速冻披萨,B,,
315,食品,速冻食品,速冻面点与主食,其他速冻面点与主食,,,
316,食品,速冻食品,速冻肉类/水产,速冻鸡肉/调理鸡肉,B,,
317,食品,速冻食品,速冻肉类/水产,速冻羊肉/调理羊肉,B,,
318,食品,速冻食品,速冻肉类/水产,速冻牛肉/调理牛肉,B,,
319,食品,速冻食品,速冻肉类/水产,速冻猪肉/调理猪肉,B,,
320,食品,速冻食品,速冻肉类/水产,速冻水产/调理水产,B,,
321,食品,速冻食品,速冻肉类/水产,速冻肠,B,,
322,食品,速冻食品,速冻肉类/水产,其他速冻肉类/调理食材,,,
323,食品,速冻食品,速冻蔬果,速冻蔬果,B,,
324,食品,速冻食品,速冻火锅食材,火锅丸料,A,,
325,食品,速冻食品,速冻火锅食材,速冻牛肉卷,B,,
326,食品,速冻食品,速冻火锅食材,速冻羊肉卷,B,,
327,食品,速冻食品,速冻火锅食材,其他速冻火锅食材,,,
328,食品,冷藏食品,冷藏即食/熟食,冷藏卤味,B,,
329,食品,冷藏食品,冷藏即食/熟食,低温香肠,A,,
330,食品,冷藏食品,冷藏即食/熟食,冷藏主食,B,,
331,食品,冷藏食品,冷藏即食/熟食,冷藏蔬果,B,,
332,食品,冷藏食品,冷藏即食/熟食,冷藏豆制品,B,,
333,食品,冷藏食品,冷藏即食/熟食,冷藏烘焙,C,,
334,食品,冷藏食品,冷藏即食/熟食,其他冷藏即食/熟食,,,
335,非食品,香烟和烟草制品,香烟,香烟,B,,
336,非食品,香烟和烟草制品,雪茄,雪茄,B,,
337,非食品,香烟和烟草制品,电子烟,电子烟,B,,
338,非食品,香烟配套商品,打火机,打火机,B,,
339,非食品,个人护理,口腔护理,牙膏,S,,
340,非食品,个人护理,口腔护理,牙刷,A,,
341,非食品,个人护理,口腔护理,漱口水,B,,
342,非食品,个人护理,口腔护理,电动牙刷,C,,
343,非食品,个人护理,口腔护理,口腔喷雾  ,C,,
344,非食品,个人护理,口腔护理,牙线,C,,
345,非食品,个人护理,口腔护理,其他口腔护理,,,
346,非食品,个人护理,洗发护发,洗发水  ,S,,
347,非食品,个人护理,洗发护发,护发素  ,B,,
348,非食品,个人护理,洗发护发,发膜/焗油膏  ,B,,
349,非食品,个人护理,洗发护发,护发精油/免洗精华  ,B,,
350,非食品,个人护理,洗发护发,头皮护理  ,B,,
351,非食品,个人护理,洗发护发,头发造型产品  ,B,,
352,非食品,个人护理,洗发护发,染发/漂发产品,B,,
353,非食品,个人护理,洗发护发,烫发剂,B,,
354,非食品,个人护理,洗发护发,其他洗发护发,,,
355,非食品,个人护理,面部护理,洗面奶,A,,
356,非食品,个人护理,面部护理,面霜,A,,
357,非食品,个人护理,面部护理,卸妆用品,B,,
358,非食品,个人护理,面部护理,护肤水乳,B,,
359,非食品,个人护理,面部护理,棉柔巾,B,,
360,非食品,个人护理,面部护理,剃须用品,B,,
361,非食品,个人护理,面部护理,精华,A,,
362,非食品,个人护理,面部护理,眼部护理,B,,
363,非食品,个人护理,面部护理,面膜,A,,
364,非食品,个人护理,面部护理,润唇膏,B,,
365,非食品,个人护理,面部护理,其他面部护理用品,,,
366,非食品,个人护理,女性卫生用品,卫生巾,S,,
367,非食品,个人护理,女性卫生用品,卫生护垫,A,,
368,非食品,个人护理,女性卫生用品,经期裤,B,,
369,非食品,个人护理,女性卫生用品,卫生棉条,B,,
370,非食品,个人护理,女性卫生用品,其他女性卫生用品,,,
371,非食品,个人护理,手部护理,洗手液,A,,
372,非食品,个人护理,手部护理,护手霜,B,,
373,非食品,个人护理,身体护理,沐浴露/沐浴乳,S,,
374,非食品,个人护理,身体护理,香皂,B,,
375,非食品,个人护理,身体护理,止汗/香体,B,,
376,非食品,个人护理,身体护理,成人纸尿裤,B,,
377,非食品,个人护理,身体护理,身体乳/身体霜,S,,
378,非食品,个人护理,身体护理,身体磨砂/去角质  ,B,,
379,非食品,个人护理,身体护理,足部护理  ,B,,
380,非食品,个人护理,身体护理,私处护理  ,B,,
381,非食品,个人护理,身体护理,脱毛/抑毛,B,,
382,非食品,个人护理,身体护理,按摩油/身体精油  ,B,,
383,非食品,个人护理,身体护理,身体防晒  ,A,,
384,非食品,个人护理,身体护理,爽身粉/痱子粉  ,C,,
385,非食品,个人护理,身体护理,其他身体护理,,,
386,非食品,个人护理,计生用品,避孕用品,A,,
387,非食品,个人护理,计生用品,验孕试纸,C,,
388,非食品,个人护理,计生用品,排卵检测,C,,
389,非食品,个人护理,个人护理套装/组合装,个人护理套装/组合装,,,
390,非食品,纸制品,卫生纸,卫生纸,S,,
391,非食品,纸制品,面巾纸,面巾纸,S,,
392,非食品,纸制品,湿纸巾,湿纸巾,A,,
393,非食品,纸制品,厨房用纸,厨房用纸,A,,
394,非食品,纸制品,其他纸制品,其他纸制品,,,
395,非食品,家居用品,家用清洁产品,卫浴清洁用品,B,,
396,非食品,家居用品,家用清洁产品,厨房重油污清洁用品,B,,
397,非食品,家居用品,家用清洁产品,洗洁精,A,,
398,非食品,家居用品,家用清洁产品,家居清洁消毒用品,B,,
399,非食品,家居用品,家用清洁产品,防潮/除臭/芳香用品,B,,
400,非食品,家居用品,家用清洁产品,空气清新剂,B,,
401,非食品,家居用品,家用清洁产品,皮革/鞋类保养品,C,,
402,非食品,家居用品,家用清洁产品,家居表面清洁辅助品,B,,
403,非食品,家居用品,家用清洁产品,家用手套,C,,
404,非食品,家居用品,家用清洁产品,其他家用清洁产品,,,
405,非食品,家居用品,垃圾桶/垃圾袋,垃圾桶 ,C,,
406,非食品,家居用品,垃圾桶/垃圾袋,垃圾袋,C,,
407,非食品,家居用品,宠物主粮,猫粮,B,,
408,非食品,家居用品,宠物主粮,狗粮,B,,
409,非食品,家居用品,宠物主粮,其他宠物主粮,,,
410,非食品,家居用品,宠物零食,宠物零食,C,,
411,非食品,家居用品,宠物保健品,宠物保健品,C,,
412,非食品,家居用品,消毒水,消毒水,B,,
413,非食品,家居用品,厨房包装类用品,保鲜袋,B,,
414,非食品,家居用品,厨房包装类用品,保鲜纸/保鲜膜,A,,
415,非食品,家居用品,厨房包装类用品,铝箔纸,C,,
416,非食品,家居用品,厨房包装类用品,其他厨房包装类用品,,,
417,非食品,家居用品,电池,电池,B,,
418,非食品,家居用品,驱蚊虫剂,电热蚊香液/片,B,,
419,非食品,家居用品,驱蚊虫剂,盘式蚊香  ,B,,
420,非食品,家居用品,驱蚊虫剂,驱蚊喷雾/乳液/液/膏,B,,
421,非食品,家居用品,驱蚊虫剂,电子驱蚊器（含超声波类）  ,C,,
422,非食品,家居用品,驱蚊虫剂,其他驱蚊虫剂,,,
423,非食品,家居用品,杀虫剂,杀虫剂,B,,
424,非食品,家居用品,蚊虫叮咬治疗产品,蚊虫叮咬治疗产品,B,,
425,非食品,衣物清洁,洗衣液,洗衣液,S,,
426,非食品,衣物清洁,洗衣粉,洗衣粉,A,,
427,非食品,衣物清洁,洗衣凝珠,洗衣凝珠,B,,
428,非食品,衣物清洁,衣物柔顺剂,衣物柔顺剂,B,,
429,非食品,衣物清洁,衣物预洗/预洁及助洗产品 ,衣物预洗/预洁及助洗产品,B,,
430,非食品,衣物清洁,洗衣皂,洗衣皂,B,,
431,非食品,婴儿用品,婴儿尿布,婴儿尿布,S,,
432,非食品,婴儿用品,奶瓶,奶瓶,B,,
433,非食品,婴儿用品,婴儿湿抹巾,婴儿湿抹巾,B,,
434,非食品,婴儿用品,吸奶器,吸奶器,C,,
435,非食品,婴儿用品,奶嘴,奶嘴,B,,
436,非食品,婴儿用品,婴儿爽身粉,婴儿爽身粉,C,,
437,非食品,婴儿用品,婴儿餐具,婴儿餐具,C,,
